State,District,Year,Enrolment,Updates,Rejections,Avg_Age_Enrolled,Gender_Ratio_Female
Andhra Pradesh,Vishakhapatnam,2018,1427376,286994,16032,48.3,990.0
Andhra Pradesh,Vishakhapatnam,2019,1459121,151743,8935,32.6,1041.0
Andhra Pradesh,Vishakhapatnam,2020,1517018,238396,8195,30.8,1045.0
Andhra Pradesh,Vishakhapatnam,2021,1562362,91682,4161,20.0,1026.0
Andhra Pradesh,Vishakhapatnam,2022,1588372,249123,8139,21.7,1035.0
Andhra Pradesh,Vishakhapatnam,2023,1578468,163873,3874,29.7,1016.0
Andhra Pradesh,Vishakhapatnam,2024,1636335,256150,11506,36.0,985.0
Andhra Pradesh,Chittoor,2018,1331090,152896,4382,22.8,1013.0
Andhra Pradesh,Chittoor,2019,1341577,103526,3277,23.9,1047.0
Andhra Pradesh,Chittoor,2020,1377917,161434,3011,40.4,1009.0
Andhra Pradesh,Chittoor,2021,1364602,335442,12026,26.2,1002.0
Andhra Pradesh,Chittoor,2022,1351994,287684,12973,30.4,1007.0
Andhra Pradesh,Chittoor,2023,1394872,80728,4601,26.2,1010.0
Andhra Pradesh,Chittoor,2024,1419257,276150,7290,44.7,920.0
Andhra Pradesh,Guntur,2018,1543495,370958,16955,34.3,917.0
Andhra Pradesh,Guntur,2019,1586405,363804,9894,43.2,934.0
Andhra Pradesh,Guntur,2020,1589621,354910,12889,38.2,1038.0
Andhra Pradesh,Guntur,2021,1578811,104291,1099,45.9,976.0
Andhra Pradesh,Guntur,2022,1627989,362584,19201,35.0,982.0
Andhra Pradesh,Guntur,2023,1649220,353115,18228,40.3,1032.0
Andhra Pradesh,Guntur,2024,1680178,122264,7131,21.1,1043.0
Andhra Pradesh,Krishna,2018,1875211,454597,8150,19.8,1010.0
Andhra Pradesh,Krishna,2019,1890087,447038,25119,26.7,977.0
Andhra Pradesh,Krishna,2020,1944752,291918,15517,43.5,955.0
Andhra Pradesh,Krishna,2021,1964674,251054,2932,41.9,982.0
Andhra Pradesh,Krishna,2022,1962343,302816,4605,37.9,1011.0
Andhra Pradesh,Krishna,2023,2035491,111055,6333,44.7,1042.0
Andhra Pradesh,Krishna,2024,2090126,157966,3553,25.0,973.0
Andhra Pradesh,East Godavari,2018,1332291,239533,5594,43.6,1046.0
Andhra Pradesh,East Godavari,2019,1367789,79492,4225,41.6,1002.0
Andhra Pradesh,East Godavari,2020,1418520,165760,8367,40.1,1037.0
Andhra Pradesh,East Godavari,2021,1467236,238542,8373,45.2,983.0
Andhra Pradesh,East Godavari,2022,1466664,249071,13392,20.1,957.0
Andhra Pradesh,East Godavari,2023,1467527,191491,8667,26.9,989.0
Andhra Pradesh,East Godavari,2024,1477041,253495,6211,25.7,961.0
Arunachal Pradesh,Tawang,2018,4999267,851303,16431,33.8,1001.0
Arunachal Pradesh,Tawang,2019,5195219,703785,26778,28.4,1019.0
Arunachal Pradesh,Tawang,2020,5400392,830336,23934,41.8,906.0
Arunachal Pradesh,Tawang,2021,5519477,348718,12278,38.3,1037.0
Arunachal Pradesh,Tawang,2022,5548560,480296,9348,43.1,1019.0
Arunachal Pradesh,Tawang,2023,5530188,1152321,18423,32.3,976.0
Arunachal Pradesh,Tawang,2024,5510675,703520,24751,37.3,952.0
Arunachal Pradesh,West Kameng,2018,5444122,914869,37104,36.4,992.0
Arunachal Pradesh,West Kameng,2019,5461860,845471,48407,35.4,945.0
Arunachal Pradesh,West Kameng,2020,5578372,1067401,46124,42.2,925.0
Arunachal Pradesh,West Kameng,2021,5597935,825788,13708,33.3,931.0
Arunachal Pradesh,West Kameng,2022,5574444,619749,21735,35.7,1023.0
Arunachal Pradesh,West Kameng,2023,5582470,843766,19440,24.2,970.0
Arunachal Pradesh,West Kameng,2024,5683320,321010,8323,23.3,942.0
Arunachal Pradesh,East Siang,2018,5853389,1277227,70154,40.2,1021.0
Arunachal Pradesh,East Siang,2019,5874158,515036,12892,25.5,933.0
Arunachal Pradesh,East Siang,2020,6085823,871678,30116,26.0,1046.0
Arunachal Pradesh,East Siang,2021,6181465,772617,17100,28.2,984.0
Arunachal Pradesh,East Siang,2022,6216303,553966,5661,33.4,919.0
Arunachal Pradesh,East Siang,2023,6194479,1017301,56115,21.1,934.0
Arunachal Pradesh,East Siang,2024,6439447,1540864,55421,41.3,1007.0
Arunachal Pradesh,Papum Pare,2018,4344924,876050,29456,28.0,1000.0
Arunachal Pradesh,Papum Pare,2019,4366683,1090182,48266,24.5,1017.0
Arunachal Pradesh,Papum Pare,2020,4330017,998762,35578,30.9,923.0
Arunachal Pradesh,Papum Pare,2021,4487311,409962,24402,34.3,958.0
Arunachal Pradesh,Papum Pare,2022,4602186,1009273,30562,47.6,1031.0
Arunachal Pradesh,Papum Pare,2023,4769108,725134,20735,19.3,1022.0
Arunachal Pradesh,Papum Pare,2024,4771969,1049727,60573,40.6,988.0
Assam,Kamrup,2018,1551806,360081,19001,26.6,943.0
Assam,Kamrup,2019,1588346,150164,8095,46.6,916.0
Assam,Kamrup,2020,1594874,284809,12533,44.9,921.0
Assam,Kamrup,2021,1628839,263073,6855,36.6,1018.0
Assam,Kamrup,2022,1641395,335611,19907,34.1,1013.0
Assam,Kamrup,2023,1664113,186603,10333,40.8,923.0
Assam,Kamrup,2024,1657815,145946,2020,47.3,1000.0
Assam,Dibrugarh,2018,1298267,240644,13146,46.4,983.0
Assam,Dibrugarh,2019,1337645,72794,1439,22.6,907.0
Assam,Dibrugarh,2020,1363287,297650,14400,45.3,911.0
Assam,Dibrugarh,2021,1374151,331393,11727,38.9,1013.0
Assam,Dibrugarh,2022,1376218,238703,10818,36.2,1036.0
Assam,Dibrugarh,2023,1396352,270090,2944,32.9,1017.0
Assam,Dibrugarh,2024,1431086,105115,2127,49.2,903.0
Assam,Jorhat,2018,1321827,304114,12836,24.0,948.0
Assam,Jorhat,2019,1348077,97890,4233,31.7,985.0
Assam,Jorhat,2020,1349887,179440,8114,42.2,1009.0
Assam,Jorhat,2021,1383553,166383,7996,48.6,1007.0
Assam,Jorhat,2022,1436514,259148,11977,22.2,1049.0
Assam,Jorhat,2023,1461831,187965,3161,47.4,948.0
Assam,Jorhat,2024,1502023,152007,4740,32.4,901.0
Assam,Cachar,2018,1786288,348192,15550,23.5,962.0
Assam,Cachar,2019,1799452,253951,15007,36.5,971.0
Assam,Cachar,2020,1820528,372249,12523,32.6,1018.0
Assam,Cachar,2021,1875845,165129,3691,34.0,949.0
Assam,Cachar,2022,1871303,293162,17103,30.3,973.0
Assam,Cachar,2023,1860283,181244,7784,26.1,948.0
Assam,Cachar,2024,1853323,431307,21458,34.7,927.0
Bihar,Patna,2018,10803061,716975,16273,47.2,919.0
Bihar,Patna,2019,11209647,2568865,52867,31.6,1035.0
Bihar,Patna,2020,11121074,2750984,82573,42.2,961.0
Bihar,Patna,2021,11249607,736087,25254,24.4,1014.0
Bihar,Patna,2022,11520010,1887710,27449,46.2,925.0
Bihar,Patna,2023,11861182,2156912,68158,46.2,986.0
Bihar,Patna,2024,11874666,1823950,85867,29.6,952.0
Bihar,Gaya,2018,11390566,1317240,62777,22.8,1049.0
Bihar,Gaya,2019,11496710,2862383,163017,34.6,954.0
Bihar,Gaya,2020,11561605,1221680,70436,25.1,1048.0
Bihar,Gaya,2021,11566857,2363868,76102,32.0,993.0
Bihar,Gaya,2022,11522775,1922417,89077,19.8,1033.0
Bihar,Gaya,2023,11649528,1046504,34875,20.9,983.0
Bihar,Gaya,2024,11744859,2679790,132752,32.3,998.0
Bihar,Bhagalpur,2018,8515925,1258907,15273,39.6,1049.0
Bihar,Bhagalpur,2019,8442657,1428185,18462,45.9,962.0
Bihar,Bhagalpur,2020,8631182,1619641,34376,23.7,1000.0
Bihar,Bhagalpur,2021,8866541,1574437,68879,42.3,1036.0
Bihar,Bhagalpur,2022,8907736,1102040,35522,41.1,1037.0
Bihar,Bhagalpur,2023,8965544,2038363,61938,45.6,1049.0
Bihar,Bhagalpur,2024,8954749,1972426,25125,33.0,958.0
Bihar,Muzaffarpur,2018,9170541,2233390,110478,26.4,1001.0
Bihar,Muzaffarpur,2019,9438790,1548546,53762,47.8,917.0
Bihar,Muzaffarpur,2020,9411098,884267,48848,46.5,993.0
Bihar,Muzaffarpur,2021,9365294,2284609,111556,31.7,1035.0
Bihar,Muzaffarpur,2022,9701034,1818918,100236,18.1,1000.0
Bihar,Muzaffarpur,2023,10037469,1329246,37071,49.4,1007.0
Bihar,Muzaffarpur,2024,10124332,934940,48964,23.5,967.0
Chhattisgarh,Raipur,2018,12742110,2684823,64297,35.2,913.0
Chhattisgarh,Raipur,2019,13120492,1719773,58139,22.2,949.0
Chhattisgarh,Raipur,2020,13603440,2444793,78352,18.6,946.0
Chhattisgarh,Raipur,2021,14015235,1290232,38529,31.8,984.0
Chhattisgarh,Raipur,2022,14252187,1497711,84806,25.0,957.0
Chhattisgarh,Raipur,2023,14240853,2806898,96578,31.9,989.0
Chhattisgarh,Raipur,2024,14355640,2780107,101305,46.3,1041.0
Chhattisgarh,Durg,2018,12372176,940100,24436,27.9,1033.0
Chhattisgarh,Durg,2019,12424506,2025298,72437,30.2,935.0
Chhattisgarh,Durg,2020,12483496,2475428,148236,22.6,944.0
Chhattisgarh,Durg,2021,12554463,1420438,72378,18.1,982.0
Chhattisgarh,Durg,2022,12447735,1234911,12927,34.7,1004.0
Chhattisgarh,Durg,2023,12778513,2667674,113311,46.4,913.0
Chhattisgarh,Durg,2024,13059928,912824,46633,33.1,957.0
Chhattisgarh,Bilaspur,2018,13449471,1136376,32833,19.8,978.0
Chhattisgarh,Bilaspur,2019,13498476,2258384,101111,35.3,1003.0
Chhattisgarh,Bilaspur,2020,13672821,2108590,45931,19.0,1034.0
Chhattisgarh,Bilaspur,2021,13868850,3154727,144324,36.6,930.0
Chhattisgarh,Bilaspur,2022,13954716,2131257,74762,26.4,1037.0
Chhattisgarh,Bilaspur,2023,14083664,2795608,46061,35.9,919.0
Chhattisgarh,Bilaspur,2024,13949424,2040008,83536,33.4,990.0
Chhattisgarh,Korba,2018,12102431,2375637,118404,23.0,938.0
Chhattisgarh,Korba,2019,12265670,1905731,111988,23.6,930.0
Chhattisgarh,Korba,2020,12361985,2118902,106146,20.1,973.0
Chhattisgarh,Korba,2021,12683813,1396283,81380,43.5,1020.0
Chhattisgarh,Korba,2022,12735857,1353134,53468,49.8,989.0
Chhattisgarh,Korba,2023,13172553,2199674,43511,46.8,1013.0
Chhattisgarh,Korba,2024,13284975,914692,13432,48.4,910.0
Goa,North Goa,2018,4831334,921491,53191,30.4,1041.0
Goa,North Goa,2019,4955531,418055,8017,38.1,992.0
Goa,North Goa,2020,4999226,443367,16645,38.5,931.0
Goa,North Goa,2021,5030981,271926,9339,36.9,925.0
Goa,North Goa,2022,5097159,530758,21747,34.3,918.0
Goa,North Goa,2023,5199504,1297548,66329,44.5,978.0
Goa,North Goa,2024,5269668,462124,5235,29.1,1021.0
Goa,South Goa,2018,4741179,1041597,35786,45.6,944.0
Goa,South Goa,2019,4841796,505939,11152,36.0,939.0
Goa,South Goa,2020,4887914,329431,10164,33.8,980.0
Goa,South Goa,2021,5076280,263662,14203,44.6,1027.0
Goa,South Goa,2022,5099486,1254441,64945,45.5,1046.0
Goa,South Goa,2023,5109920,391416,17461,33.2,1045.0
Goa,South Goa,2024,5115215,778734,10996,22.3,928.0
Gujarat,Ahmadabad,2018,12884347,3194287,52257,44.8,1022.0
Gujarat,Ahmadabad,2019,13283574,2390695,133773,43.2,1005.0
Gujarat,Ahmadabad,2020,13414464,1434227,74950,44.8,976.0
Gujarat,Ahmadabad,2021,13888448,1191338,48065,24.1,930.0
Gujarat,Ahmadabad,2022,14097843,1072706,25439,24.9,951.0
Gujarat,Ahmadabad,2023,14097076,3195224,191392,44.2,919.0
Gujarat,Ahmadabad,2024,14605636,868473,26028,22.9,1023.0
Gujarat,Surat,2018,9321045,1758642,56213,24.0,1035.0
Gujarat,Surat,2019,9665073,1519977,78640,18.6,925.0
Gujarat,Surat,2020,10044101,2043906,38992,34.0,959.0
Gujarat,Surat,2021,10271307,1305172,64510,48.7,980.0
Gujarat,Surat,2022,10294015,1321388,73858,34.5,925.0
Gujarat,Surat,2023,10438539,943149,10372,23.6,1012.0
Gujarat,Surat,2024,10584833,1606683,29427,36.0,996.0
Gujarat,Vadodara,2018,11619772,1067666,43618,28.3,902.0
Gujarat,Vadodara,2019,11830524,2900054,131808,19.2,1027.0
Gujarat,Vadodara,2020,12160987,2881777,36293,29.8,970.0
Gujarat,Vadodara,2021,12420106,2706639,96728,29.6,997.0
Gujarat,Vadodara,2022,12504664,812598,36663,48.8,949.0
Gujarat,Vadodara,2023,12753364,1400307,70274,31.3,980.0
Gujarat,Vadodara,2024,13190807,3282430,142423,39.5,1036.0
Gujarat,Rajkot,2018,9040334,2224123,47568,47.0,1011.0
Gujarat,Rajkot,2019,9334626,722163,12181,31.8,908.0
Gujarat,Rajkot,2020,9494419,1993692,109017,20.0,988.0
Gujarat,Rajkot,2021,9809740,2001930,34603,18.1,968.0
Gujarat,Rajkot,2022,9785198,1848532,22728,46.4,961.0
Gujarat,Rajkot,2023,9733688,1958775,73888,26.0,1007.0
Gujarat,Rajkot,2024,9883365,1954469,42657,24.2,900.0
Haryana,Gurgaon,2018,5254630,617994,35391,38.5,1040.0
Haryana,Gurgaon,2019,5287200,289458,11852,49.2,995.0
Haryana,Gurgaon,2020,5262708,601470,22298,44.6,1029.0
Haryana,Gurgaon,2021,5393457,748548,24429,25.7,944.0
Haryana,Gurgaon,2022,5449638,1289102,53089,32.4,946.0
Haryana,Gurgaon,2023,5412276,541796,5824,31.4,1038.0
Haryana,Gurgaon,2024,5522496,765747,17806,28.5,1046.0
Haryana,Faridabad,2018,6548748,1114218,52492,20.4,918.0
Haryana,Faridabad,2019,6638577,617890,25895,35.9,1002.0
Haryana,Faridabad,2020,6754576,1150371,58250,47.3,995.0
Haryana,Faridabad,2021,6992733,715163,21490,20.5,996.0
Haryana,Faridabad,2022,7105193,626298,33427,38.5,986.0
Haryana,Faridabad,2023,7076494,815319,26988,21.7,1040.0
Haryana,Faridabad,2024,7190120,1557856,32003,26.9,1008.0
Haryana,Panipat,2018,6778160,1506069,43597,22.3,950.0
Haryana,Panipat,2019,6770401,667214,24338,39.8,1004.0
Haryana,Panipat,2020,6879762,424193,17559,36.1,1028.0
Haryana,Panipat,2021,7015320,1210837,36559,28.5,1007.0
Haryana,Panipat,2022,7066335,1483674,64988,18.5,985.0
Haryana,Panipat,2023,7111183,783814,11658,31.5,934.0
Haryana,Panipat,2024,7103296,1492328,64279,26.4,1021.0
Haryana,Ambala,2018,5799832,1211331,59375,20.0,975.0
Haryana,Ambala,2019,5805041,1177146,45665,26.0,932.0
Haryana,Ambala,2020,5921732,702570,21099,24.9,1008.0
Haryana,Ambala,2021,6129619,1248644,70790,45.6,919.0
Haryana,Ambala,2022,6143544,649714,14842,49.3,1008.0
Haryana,Ambala,2023,6180230,865249,43540,44.3,973.0
Haryana,Ambala,2024,6399075,1324768,33223,32.0,984.0
Himachal Pradesh,Shimla,2018,9510356,948705,10752,29.2,954.0
Himachal Pradesh,Shimla,2019,9430401,2293740,109827,47.1,996.0
Himachal Pradesh,Shimla,2020,9689151,604586,22383,44.6,1028.0
Himachal Pradesh,Shimla,2021,9999708,1923715,96277,24.5,909.0
Himachal Pradesh,Shimla,2022,10153153,535943,5936,43.5,953.0
Himachal Pradesh,Shimla,2023,10194010,2208256,56864,41.4,952.0
Himachal Pradesh,Shimla,2024,10271814,2069385,63649,45.8,928.0
Himachal Pradesh,Kullu,2018,11395633,1437567,58734,19.0,930.0
Himachal Pradesh,Kullu,2019,11453288,1614961,24990,30.1,955.0
Himachal Pradesh,Kullu,2020,11380028,619282,13619,24.2,1040.0
Himachal Pradesh,Kullu,2021,11382346,1241320,66135,22.2,1022.0
Himachal Pradesh,Kullu,2022,11659207,2025489,97001,31.8,923.0
Himachal Pradesh,Kullu,2023,12019464,2959593,165405,45.1,954.0
Himachal Pradesh,Kullu,2024,11996914,701098,22404,45.4,971.0
Himachal Pradesh,Kangra,2018,9888043,1358992,53633,40.8,1042.0
Himachal Pradesh,Kangra,2019,9837946,1656044,65920,27.4,1023.0
Himachal Pradesh,Kangra,2020,9977107,644007,32710,29.0,952.0
Himachal Pradesh,Kangra,2021,10227268,886973,15004,35.4,929.0
Himachal Pradesh,Kangra,2022,10175590,930823,22075,29.9,1018.0
Himachal Pradesh,Kangra,2023,10154277,1911554,88620,26.4,925.0
Himachal Pradesh,Kangra,2024,10188740,732954,18490,28.0,904.0
Himachal Pradesh,Solan,2018,11361761,1894606,79619,31.8,1043.0
Himachal Pradesh,Solan,2019,11727306,1281981,28431,42.6,969.0
Himachal Pradesh,Solan,2020,12149941,2006109,23518,31.6,1032.0
Himachal Pradesh,Solan,2021,12624860,2594704,139226,20.7,1038.0
Himachal Pradesh,Solan,2022,12872115,1108216,31570,25.6,965.0
Himachal Pradesh,Solan,2023,13385693,878084,22262,40.6,1036.0
Himachal Pradesh,Solan,2024,13776671,3294419,138328,23.8,1026.0
Jharkhand,Ranchi,2018,6206570,982133,56443,25.6,1021.0
Jharkhand,Ranchi,2019,6314904,1168488,30047,24.6,986.0
Jharkhand,Ranchi,2020,6417463,1002606,44372,41.3,939.0
Jharkhand,Ranchi,2021,6458602,997336,29238,34.5,1028.0
Jharkhand,Ranchi,2022,6625697,739829,37084,38.6,928.0
Jharkhand,Ranchi,2023,6711596,980880,54219,42.2,980.0
Jharkhand,Ranchi,2024,6722510,1587507,76686,44.3,1018.0
Jharkhand,Purba Singhbhum,2018,6470180,844547,28056,34.5,1003.0
Jharkhand,Purba Singhbhum,2019,6569380,1581860,71453,30.1,1024.0
Jharkhand,Purba Singhbhum,2020,6795790,378376,4001,20.1,930.0
Jharkhand,Purba Singhbhum,2021,6801882,1078885,36447,28.4,993.0
Jharkhand,Purba Singhbhum,2022,6925621,861599,41817,33.9,932.0
Jharkhand,Purba Singhbhum,2023,7114568,364665,19399,28.4,1038.0
Jharkhand,Purba Singhbhum,2024,7100920,1211094,23267,22.4,1034.0
Jharkhand,Dhanbad,2018,6435794,1037926,57907,23.0,942.0
Jharkhand,Dhanbad,2019,6606759,529960,28836,28.0,913.0
Jharkhand,Dhanbad,2020,6792290,679851,10266,28.1,1004.0
Jharkhand,Dhanbad,2021,6804813,883604,47218,23.4,975.0
Jharkhand,Dhanbad,2022,6805729,610295,26181,38.0,1022.0
Jharkhand,Dhanbad,2023,6947358,1464592,52068,23.3,1004.0
Jharkhand,Dhanbad,2024,7089768,1655567,71265,45.8,919.0
Jharkhand,Bokaro,2018,4798226,854419,32997,28.1,1032.0
Jharkhand,Bokaro,2019,4823595,961998,47625,49.7,937.0
Jharkhand,Bokaro,2020,4866547,1212364,46997,31.6,1029.0
Jharkhand,Bokaro,2021,4900603,662481,15000,43.0,1023.0
Jharkhand,Bokaro,2022,4911109,387136,20293,41.5,1019.0
Jharkhand,Bokaro,2023,4880547,838318,31937,37.6,997.0
Jharkhand,Bokaro,2024,5006774,1135426,32758,44.4,1024.0
Karnataka,Bangalore Urban,2018,6741029,399029,17651,41.7,945.0
Karnataka,Bangalore Urban,2019,6928011,1467295,20601,34.4,940.0
Karnataka,Bangalore Urban,2020,7042192,1350515,57951,26.5,916.0
Karnataka,Bangalore Urban,2021,7301399,637062,13697,22.2,1027.0
Karnataka,Bangalore Urban,2022,7440509,1199028,37280,30.2,975.0
Karnataka,Bangalore Urban,2023,7605978,701575,30514,29.2,962.0
Karnataka,Bangalore Urban,2024,7679251,989458,33974,25.7,921.0
Karnataka,Mysore,2018,6184062,1098729,17780,42.2,978.0
Karnataka,Mysore,2019,6329405,1177315,12062,29.6,916.0
Karnataka,Mysore,2020,6482021,764561,34645,46.0,1029.0
Karnataka,Mysore,2021,6457001,990263,25995,46.8,983.0
Karnataka,Mysore,2022,6686740,433714,20475,23.8,946.0
Karnataka,Mysore,2023,6806192,494951,24582,49.1,1017.0
Karnataka,Mysore,2024,7069304,1547261,82350,20.4,1022.0
Karnataka,Dakshin Kannad,2018,5266911,887917,15365,38.7,916.0
Karnataka,Dakshin Kannad,2019,5230124,467897,26303,28.7,1011.0
Karnataka,Dakshin Kannad,2020,5304515,636909,26307,30.9,1002.0
Karnataka,Dakshin Kannad,2021,5411708,853694,12110,34.5,1027.0
Karnataka,Dakshin Kannad,2022,5526389,448092,4491,37.3,951.0
Karnataka,Dakshin Kannad,2023,5713769,498715,23865,20.3,992.0
Karnataka,Dakshin Kannad,2024,5832106,583463,8323,46.4,929.0
Karnataka,Dharwad,2018,4653346,234984,8794,46.4,1005.0
Karnataka,Dharwad,2019,4756307,765671,29105,37.1,1001.0
Karnataka,Dharwad,2020,4841285,801554,9366,42.2,975.0
Karnataka,Dharwad,2021,4994142,905850,9650,41.3,918.0
Karnataka,Dharwad,2022,5020978,540298,20704,35.7,953.0
Karnataka,Dharwad,2023,5024709,614657,7283,28.9,1019.0
Karnataka,Dharwad,2024,5106555,1173422,41715,20.0,933.0
Kerala,Thiruvananthapuram,2018,4342258,516343,21543,32.9,1004.0
Kerala,Thiruvananthapuram,2019,4461989,421953,7490,27.7,1008.0
Kerala,Thiruvananthapuram,2020,4458175,406247,12460,19.7,985.0
Kerala,Thiruvananthapuram,2021,4449651,640938,24786,26.8,983.0
Kerala,Thiruvananthapuram,2022,4445701,1083183,41834,20.0,1006.0
Kerala,Thiruvananthapuram,2023,4539347,942684,27887,40.4,1031.0
Kerala,Thiruvananthapuram,2024,4597426,1021118,23881,28.9,973.0
Kerala,Ernakulam,2018,3422497,331957,16222,27.2,975.0
Kerala,Ernakulam,2019,3555222,653639,28059,33.8,1035.0
Kerala,Ernakulam,2020,3658945,787526,28312,46.3,969.0
Kerala,Ernakulam,2021,3773406,317165,18895,46.9,966.0
Kerala,Ernakulam,2022,3839466,652411,28615,49.1,991.0
Kerala,Ernakulam,2023,3812514,570280,26490,32.6,1047.0
Kerala,Ernakulam,2024,3809325,220740,2631,26.1,934.0
Kerala,Kozhikode,2018,3435446,386271,8650,40.3,1010.0
Kerala,Kozhikode,2019,3488509,596342,22188,39.3,969.0
Kerala,Kozhikode,2020,3503234,691160,9717,39.7,974.0
Kerala,Kozhikode,2021,3584620,677075,22584,43.4,986.0
Kerala,Kozhikode,2022,3599502,867555,37563,49.8,905.0
Kerala,Kozhikode,2023,3710003,259407,14784,44.0,998.0
Kerala,Kozhikode,2024,3741304,228652,11354,32.0,1039.0
Kerala,Thrissur,2018,3974867,219975,3289,21.9,905.0
Kerala,Thrissur,2019,4073227,761645,11599,19.8,940.0
Kerala,Thrissur,2020,4126977,257299,7460,25.9,1025.0
Kerala,Thrissur,2021,4224170,467349,27123,32.5,1014.0
Kerala,Thrissur,2022,4269111,880292,51852,36.7,1029.0
Kerala,Thrissur,2023,4274888,747236,37118,42.8,1031.0
Kerala,Thrissur,2024,4260077,970895,17029,41.8,925.0
Madhya Pradesh,Bhopal,2018,14114263,3111963,103882,18.2,948.0
Madhya Pradesh,Bhopal,2019,14072752,2912425,97357,29.6,902.0
Madhya Pradesh,Bhopal,2020,14413174,2177774,53008,48.2,965.0
Madhya Pradesh,Bhopal,2021,14366273,779071,37620,21.6,1033.0
Madhya Pradesh,Bhopal,2022,14388164,1033015,27321,28.2,978.0
Madhya Pradesh,Bhopal,2023,14874140,2621526,127963,46.5,975.0
Madhya Pradesh,Bhopal,2024,14843516,2705680,56909,42.3,958.0
Madhya Pradesh,Indore,2018,10666301,1688634,98633,20.3,988.0
Madhya Pradesh,Indore,2019,10910692,954318,11674,22.6,927.0
Madhya Pradesh,Indore,2020,10956067,1358791,25406,41.1,995.0
Madhya Pradesh,Indore,2021,10893972,1480341,56698,32.4,907.0
Madhya Pradesh,Indore,2022,10991829,1515114,20469,23.4,945.0
Madhya Pradesh,Indore,2023,10895719,1462026,22317,49.7,951.0
Madhya Pradesh,Indore,2024,11091776,647375,12877,22.2,925.0
Madhya Pradesh,Gwalior,2018,12841593,3035086,118886,34.8,1019.0
Madhya Pradesh,Gwalior,2019,13294377,878808,43242,20.0,945.0
Madhya Pradesh,Gwalior,2020,13384597,1550693,53529,27.3,1002.0
Madhya Pradesh,Gwalior,2021,13686975,1183642,42599,23.1,1040.0
Madhya Pradesh,Gwalior,2022,14064644,1137737,24055,20.6,1047.0
Madhya Pradesh,Gwalior,2023,14028299,855920,49532,44.2,946.0
Madhya Pradesh,Gwalior,2024,14342787,2874708,55357,43.6,1016.0
Madhya Pradesh,Jabalpur,2018,10163405,583858,14461,38.8,920.0
Madhya Pradesh,Jabalpur,2019,10472216,1213894,19141,38.8,1048.0
Madhya Pradesh,Jabalpur,2020,10613918,1269379,49472,49.4,923.0
Madhya Pradesh,Jabalpur,2021,10562853,2024164,22315,18.0,1036.0
Madhya Pradesh,Jabalpur,2022,10969670,2690892,76939,34.9,934.0
Madhya Pradesh,Jabalpur,2023,11082514,640542,35035,41.6,966.0
Madhya Pradesh,Jabalpur,2024,11108967,2159068,71706,28.4,959.0
Maharashtra,Greater Bombay,2018,11091304,2702224,38483,33.3,950.0
Maharashtra,Greater Bombay,2019,11328649,1879818,71215,31.4,1024.0
Maharashtra,Greater Bombay,2020,11636731,993472,52170,19.4,1018.0
Maharashtra,Greater Bombay,2021,12030207,1285767,30682,33.9,901.0
Maharashtra,Greater Bombay,2022,12279858,660749,36912,30.8,979.0
Maharashtra,Greater Bombay,2023,12611675,2573908,142273,46.1,993.0
Maharashtra,Greater Bombay,2024,12772333,1419259,79655,34.2,988.0
Maharashtra,Pune,2018,10691762,948273,45887,45.9,1035.0
Maharashtra,Pune,2019,10667541,2578082,102055,31.8,913.0
Maharashtra,Pune,2020,10802737,1307777,23423,21.9,964.0
Maharashtra,Pune,2021,10731050,1454476,69070,31.2,908.0
Maharashtra,Pune,2022,11093321,1514018,19844,47.1,1028.0
Maharashtra,Pune,2023,11173185,1772108,102724,29.5,1000.0
Maharashtra,Pune,2024,11063784,2324810,83483,39.6,990.0
Maharashtra,Nagpur,2018,8155754,1306582,54499,22.9,994.0
Maharashtra,Nagpur,2019,8397459,2000568,88032,41.3,993.0
Maharashtra,Nagpur,2020,8550278,1836772,55387,28.1,989.0
Maharashtra,Nagpur,2021,8806204,791891,24468,20.1,950.0
Maharashtra,Nagpur,2022,9049821,487446,27015,44.7,1048.0
Maharashtra,Nagpur,2023,9325043,674092,30746,40.1,962.0
Maharashtra,Nagpur,2024,9635565,2389112,70918,31.9,931.0
Maharashtra,Nashik,2018,10266765,1535980,50348,29.3,922.0
Maharashtra,Nashik,2019,10438976,959565,42544,38.8,977.0
Maharashtra,Nashik,2020,10678403,1582644,65353,35.8,910.0
Maharashtra,Nashik,2021,11074584,1524916,51384,40.6,992.0
Maharashtra,Nashik,2022,11435764,1071752,24318,44.7,1028.0
Maharashtra,Nashik,2023,11871234,768728,42160,48.2,909.0
Maharashtra,Nashik,2024,12342836,1226263,44324,49.4,991.0
Maharashtra,Thane,2018,11205249,1016351,32940,41.0,1010.0
Maharashtra,Thane,2019,11505344,1075776,11394,39.1,953.0
Maharashtra,Thane,2020,11569068,2115991,70143,45.6,930.0
Maharashtra,Thane,2021,11609675,2231683,84503,22.2,993.0
Maharashtra,Thane,2022,11988910,1399730,40851,32.7,933.0
Maharashtra,Thane,2023,11927605,1525599,54496,26.3,949.0
Maharashtra,Thane,2024,12339452,991861,33270,36.4,1008.0
Manipur,West Imphal,2018,9413401,919171,31925,21.4,949.0
Manipur,West Imphal,2019,9472711,2290849,37592,43.3,947.0
Manipur,West Imphal,2020,9472372,2078490,29446,38.6,1013.0
Manipur,West Imphal,2021,9728768,2001435,90119,40.8,1034.0
Manipur,West Imphal,2022,9901367,634066,28469,35.9,1002.0
Manipur,West Imphal,2023,10225869,1389134,23400,46.6,962.0
Manipur,West Imphal,2024,10269993,579927,30992,20.3,948.0
Manipur,East Imphal,2018,9624093,1345545,35333,23.6,975.0
Manipur,East Imphal,2019,9796409,729477,29913,48.1,1025.0
Manipur,East Imphal,2020,10060640,963841,12514,33.9,939.0
Manipur,East Imphal,2021,10456227,1169685,49212,29.1,932.0
Manipur,East Imphal,2022,10682769,2339114,60054,39.4,952.0
Manipur,East Imphal,2023,10767829,2455222,39609,36.4,1016.0
Manipur,East Imphal,2024,11037218,2754900,48485,38.3,966.0
Manipur,Thoubal,2018,7246326,1475650,62902,18.6,1031.0
Manipur,Thoubal,2019,7221319,538233,25446,25.9,937.0
Manipur,Thoubal,2020,7397538,531007,25525,18.0,1044.0
Manipur,Thoubal,2021,7508948,1833588,56112,42.0,1014.0
Manipur,Thoubal,2022,7536637,624131,24815,40.4,931.0
Manipur,Thoubal,2023,7558954,1078155,59982,21.0,960.0
Manipur,Thoubal,2024,7674853,1353093,17500,37.9,1003.0
Meghalaya,East Khasi Hills,2018,6346477,1364211,42523,24.4,1037.0
Meghalaya,East Khasi Hills,2019,6523084,1576018,75902,42.3,975.0
Meghalaya,East Khasi Hills,2020,6676362,1093373,23245,36.8,1004.0
Meghalaya,East Khasi Hills,2021,6724575,860357,25238,40.8,1026.0
Meghalaya,East Khasi Hills,2022,6947688,598575,34729,42.8,973.0
Meghalaya,East Khasi Hills,2023,7126277,980548,55681,21.3,1042.0
Meghalaya,East Khasi Hills,2024,7304097,765674,19165,35.7,953.0
Meghalaya,West Garo Hills,2018,7633197,1668011,68146,20.6,1019.0
Meghalaya,West Garo Hills,2019,7640085,1065597,49566,19.7,931.0
Meghalaya,West Garo Hills,2020,7698722,1362703,69175,33.3,905.0
Meghalaya,West Garo Hills,2021,7794785,1022295,51215,36.8,966.0
Meghalaya,West Garo Hills,2022,7906361,1188881,64997,31.3,1020.0
Meghalaya,West Garo Hills,2023,7954485,1126889,16712,23.9,932.0
Meghalaya,West Garo Hills,2024,8227700,1747023,18093,25.9,952.0
Mizoram,Aizawl,2018,21789767,2804177,160159,39.2,1049.0
Mizoram,Aizawl,2019,21767043,1304690,33728,43.9,952.0
Mizoram,Aizawl,2020,22466679,2795400,134903,22.0,953.0
Mizoram,Aizawl,2021,22827174,4666080,245244,31.9,993.0
Mizoram,Aizawl,2022,22750122,1343378,38453,41.1,1048.0
Mizoram,Aizawl,2023,22525509,3361203,39272,26.0,990.0
Mizoram,Aizawl,2024,23360646,1648906,81543,49.0,927.0
Mizoram,Lunglei,2018,23178712,2280927,112103,27.9,982.0
Mizoram,Lunglei,2019,23663385,2831255,92674,28.7,1030.0
Mizoram,Lunglei,2020,23974120,2853215,71102,25.2,1015.0
Mizoram,Lunglei,2021,24319922,2113351,71380,21.7,977.0
Mizoram,Lunglei,2022,24592623,4236328,189705,27.7,1019.0
Mizoram,Lunglei,2023,24944362,5471107,189665,34.2,937.0
Mizoram,Lunglei,2024,25313384,4306331,222212,46.1,993.0
Nagaland,Kohima,2018,1272611,87590,1172,26.9,1012.0
Nagaland,Kohima,2019,1315296,291449,8531,47.5,946.0
Nagaland,Kohima,2020,1315640,81393,1737,33.8,952.0
Nagaland,Kohima,2021,1325172,193032,3164,40.7,1032.0
Nagaland,Kohima,2022,1370320,93194,3316,41.0,941.0
Nagaland,Kohima,2023,1387862,87249,2292,22.8,985.0
Nagaland,Kohima,2024,1381014,195756,6253,26.5,1041.0
Nagaland,Dimapur,2018,1313807,92506,4568,18.2,904.0
Nagaland,Dimapur,2019,1316063,115285,3457,23.2,957.0
Nagaland,Dimapur,2020,1327212,82640,3609,44.3,978.0
Nagaland,Dimapur,2021,1340660,114194,3277,42.2,969.0
Nagaland,Dimapur,2022,1340334,86115,1211,24.7,1029.0
Nagaland,Dimapur,2023,1329885,113893,2833,23.1,935.0
Nagaland,Dimapur,2024,1359323,233347,12488,32.8,995.0
Odisha,Khordha,2018,7684844,712658,38468,23.2,1047.0
Odisha,Khordha,2019,7616053,1896768,58942,41.9,1034.0
Odisha,Khordha,2020,7625438,1365521,21725,33.7,940.0
Odisha,Khordha,2021,7663494,1146762,28144,25.1,960.0
Odisha,Khordha,2022,7878129,615619,7371,40.9,1025.0
Odisha,Khordha,2023,7960664,1158622,44929,42.5,1049.0
Odisha,Khordha,2024,7979015,963217,13129,44.6,902.0
Odisha,Cuttack,2018,8073710,1275157,20323,48.1,963.0
Odisha,Cuttack,2019,8283382,1944539,24573,49.1,1029.0
Odisha,Cuttack,2020,8364277,1767587,93923,48.8,1022.0
Odisha,Cuttack,2021,8681182,450632,14003,26.9,975.0
Odisha,Cuttack,2022,8956724,577012,23641,42.0,922.0
Odisha,Cuttack,2023,8909546,1739616,44258,36.1,905.0
Odisha,Cuttack,2024,9264249,1103232,34289,38.6,947.0
Odisha,Sundargarh,2018,9186311,994712,15728,21.3,953.0
Odisha,Sundargarh,2019,9417459,1707384,28786,42.0,995.0
Odisha,Sundargarh,2020,9385229,828659,39387,42.2,939.0
Odisha,Sundargarh,2021,9438522,1437853,36013,44.4,978.0
Odisha,Sundargarh,2022,9415212,2045811,115864,26.1,956.0
Odisha,Sundargarh,2023,9453153,528276,9165,45.1,985.0
Odisha,Sundargarh,2024,9604455,1744375,18967,24.1,1015.0
Odisha,Puri,2018,7136600,1386519,75596,24.5,926.0
Odisha,Puri,2019,7389795,827330,37440,46.6,963.0
Odisha,Puri,2020,7494875,1764696,102092,28.8,955.0
Odisha,Puri,2021,7702220,541260,10548,38.7,1010.0
Odisha,Puri,2022,7628712,1442465,86365,31.6,926.0
Odisha,Puri,2023,7592988,849199,34373,30.3,999.0
Odisha,Puri,2024,7534268,884746,43508,20.4,962.0
Punjab,Ludhiana,2018,5575244,1013557,55478,36.9,1044.0
Punjab,Ludhiana,2019,5612741,630028,25470,42.4,918.0
Punjab,Ludhiana,2020,5785226,646188,13860,47.5,912.0
Punjab,Ludhiana,2021,5798128,594542,18146,23.3,1045.0
Punjab,Ludhiana,2022,5983915,463171,15364,41.3,928.0
Punjab,Ludhiana,2023,6038397,342295,10269,45.9,1026.0
Punjab,Ludhiana,2024,6048105,1509700,69547,44.1,1009.0
Punjab,Amritsar,2018,5892257,1309653,46838,48.3,998.0
Punjab,Amritsar,2019,6009180,880663,12183,36.5,956.0
Punjab,Amritsar,2020,6162860,1184589,13433,37.3,933.0
Punjab,Amritsar,2021,6352451,624920,12998,44.7,988.0
Punjab,Amritsar,2022,6383464,356837,9692,24.2,934.0
Punjab,Amritsar,2023,6376063,849692,40979,35.0,948.0
Punjab,Amritsar,2024,6354412,1511047,27599,46.5,969.0
Punjab,Jalandhar,2018,5787873,1329886,24890,26.5,927.0
Punjab,Jalandhar,2019,5997375,1102105,37743,18.7,1003.0
Punjab,Jalandhar,2020,6144668,1507278,24545,49.9,940.0
Punjab,Jalandhar,2021,6118192,1507451,43207,20.2,908.0
Punjab,Jalandhar,2022,6172310,818354,30551,44.1,1004.0
Punjab,Jalandhar,2023,6244857,1058740,58912,29.2,929.0
Punjab,Jalandhar,2024,6335528,556637,26832,18.1,998.0
Punjab,Patiala,2018,5750786,991240,27743,27.6,1042.0
Punjab,Patiala,2019,5874294,570723,33076,20.9,1046.0
Punjab,Patiala,2020,6024326,836943,21280,49.7,937.0
Punjab,Patiala,2021,6044341,1207168,35243,29.4,903.0
Punjab,Patiala,2022,6171620,420417,6520,39.3,918.0
Punjab,Patiala,2023,6236741,441228,25616,23.4,910.0
Punjab,Patiala,2024,6359714,1501453,65735,41.4,970.0
Rajasthan,Jaipur,2018,11847794,2696809,152295,46.2,933.0
Rajasthan,Jaipur,2019,12005202,671695,32422,25.9,1046.0
Rajasthan,Jaipur,2020,12084473,2359618,128022,22.2,966.0
Rajasthan,Jaipur,2021,12403698,1412015,76758,38.6,1005.0
Rajasthan,Jaipur,2022,12451904,2198588,107162,42.7,960.0
Rajasthan,Jaipur,2023,12815878,1234988,72120,37.0,1016.0
Rajasthan,Jaipur,2024,12922597,1688911,97738,32.1,1032.0
Rajasthan,Jodhpur,2018,11286032,681716,28710,22.0,973.0
Rajasthan,Jodhpur,2019,11354708,1725027,45888,45.9,1044.0
Rajasthan,Jodhpur,2020,11791594,1421563,58150,27.7,934.0
Rajasthan,Jodhpur,2021,12164920,1440313,46285,41.5,1006.0
Rajasthan,Jodhpur,2022,12220762,972742,20660,36.8,943.0
Rajasthan,Jodhpur,2023,12216242,1174637,49373,45.6,909.0
Rajasthan,Jodhpur,2024,12525602,1262863,71425,26.0,975.0
Rajasthan,Udaipur,2018,12337489,705587,29963,37.9,922.0
Rajasthan,Udaipur,2019,12370054,2379684,124757,37.0,925.0
Rajasthan,Udaipur,2020,12802228,2776541,138312,25.3,966.0
Rajasthan,Udaipur,2021,12973625,1371342,28966,45.2,916.0
Rajasthan,Udaipur,2022,13482279,893260,31161,29.8,910.0
Rajasthan,Udaipur,2023,13483818,1992105,95669,42.8,1021.0
Rajasthan,Udaipur,2024,13667371,3312725,41062,41.9,1023.0
Rajasthan,Kota,2018,9577402,1956729,86020,43.0,1046.0
Rajasthan,Kota,2019,9484628,1248106,35227,36.8,1026.0
Rajasthan,Kota,2020,9849737,691322,26704,48.0,968.0
Rajasthan,Kota,2021,9869699,808106,11788,21.2,927.0
Rajasthan,Kota,2022,9818080,2198380,80437,30.6,943.0
Rajasthan,Kota,2023,10124668,898455,42294,49.6,989.0
Rajasthan,Kota,2024,10095829,1801003,105262,28.9,1048.0
Sikkim,East,2018,24418835,3229038,74716,30.3,1019.0
Sikkim,East,2019,24277143,2230780,128727,22.4,972.0
Sikkim,East,2020,24078086,4735033,262848,18.3,917.0
Sikkim,East,2021,24972612,4024964,141833,44.7,921.0
Sikkim,East,2022,25801440,3823917,154504,43.9,1046.0
Sikkim,East,2023,26401580,5394924,321671,24.8,990.0
Sikkim,East,2024,27452671,6415933,146741,19.1,1003.0
Sikkim,West Sikkim,2018,20170684,3882047,174020,40.7,944.0
Sikkim,West Sikkim,2019,20366098,2200494,72891,44.5,915.0
Sikkim,West Sikkim,2020,20869290,3792183,164886,39.3,931.0
Sikkim,West Sikkim,2021,21642604,2953365,120113,25.2,1004.0
Sikkim,West Sikkim,2022,22482840,1534817,66074,47.4,900.0
Sikkim,West Sikkim,2023,23174271,4710693,160712,49.3,972.0
Sikkim,West Sikkim,2024,23508547,3632150,155013,21.4,996.0
Tamil Nadu,Ariyalur,2018,1368312,291512,15969,19.7,1034.0
Tamil Nadu,Ariyalur,2019,1413921,156428,5551,33.8,957.0
Tamil Nadu,Ariyalur,2020,1409803,218087,10654,43.4,911.0
Tamil Nadu,Ariyalur,2021,1463463,250738,6862,25.5,948.0
Tamil Nadu,Ariyalur,2022,1521180,99321,3357,39.8,1048.0
Tamil Nadu,Ariyalur,2023,1578960,216667,2348,39.6,948.0
Tamil Nadu,Ariyalur,2024,1593434,88627,5069,30.2,1044.0
Tamil Nadu,Chennai,2018,1007690,111102,4094,40.7,975.0
Tamil Nadu,Chennai,2019,1028862,256597,13910,22.2,966.0
Tamil Nadu,Chennai,2020,1063659,157036,8337,49.2,1050.0
Tamil Nadu,Chennai,2021,1105247,55348,1578,43.9,963.0
Tamil Nadu,Chennai,2022,1098827,267101,15317,26.1,920.0
Tamil Nadu,Chennai,2023,1114354,183823,5522,34.3,955.0
Tamil Nadu,Chennai,2024,1151169,240164,6025,34.9,965.0
Tamil Nadu,Coimbatore,2018,1240553,145790,3021,32.6,1012.0
Tamil Nadu,Coimbatore,2019,1283183,70147,1144,49.4,936.0
Tamil Nadu,Coimbatore,2020,1305181,119628,1629,40.2,1049.0
Tamil Nadu,Coimbatore,2021,1344932,252193,12755,41.0,1046.0
Tamil Nadu,Coimbatore,2022,1398467,94342,4333,26.0,997.0
Tamil Nadu,Coimbatore,2023,1396637,136438,3803,46.4,903.0
Tamil Nadu,Coimbatore,2024,1409295,120311,3009,34.9,1017.0
Tamil Nadu,Cuddalore,2018,1075704,154358,2669,25.1,1046.0
Tamil Nadu,Cuddalore,2019,1067354,211055,2741,20.1,1017.0
Tamil Nadu,Cuddalore,2020,1103752,128041,4990,42.1,921.0
Tamil Nadu,Cuddalore,2021,1142115,226053,7945,36.1,920.0
Tamil Nadu,Cuddalore,2022,1148893,136293,5162,23.4,1015.0
Tamil Nadu,Cuddalore,2023,1173562,169636,4333,39.8,921.0
Tamil Nadu,Cuddalore,2024,1216938,87380,2147,42.7,990.0
Tamil Nadu,Dharmapuri,2018,1314358,192219,8242,33.3,948.0
Tamil Nadu,Dharmapuri,2019,1349475,310787,12549,20.5,1002.0
Tamil Nadu,Dharmapuri,2020,1374630,102765,4024,37.1,972.0
Tamil Nadu,Dharmapuri,2021,1396284,157408,4955,18.1,945.0
Tamil Nadu,Dharmapuri,2022,1422650,211067,10559,28.8,984.0
Tamil Nadu,Dharmapuri,2023,1473087,202219,9803,41.0,974.0
Tamil Nadu,Dharmapuri,2024,1479525,110877,1763,28.3,1039.0
Tamil Nadu,Dindigul,2018,1335012,208299,2379,22.2,975.0
Tamil Nadu,Dindigul,2019,1366041,174587,9764,49.8,1029.0
Tamil Nadu,Dindigul,2020,1366970,101388,5364,31.0,915.0
Tamil Nadu,Dindigul,2021,1386045,97315,4415,18.3,982.0
Tamil Nadu,Dindigul,2022,1439220,197301,4376,21.4,988.0
Tamil Nadu,Dindigul,2023,1494159,370843,19392,35.4,919.0
Tamil Nadu,Dindigul,2024,1535236,262838,8068,31.2,1005.0
Tamil Nadu,Erode,2018,1319807,283708,12251,35.1,1013.0
Tamil Nadu,Erode,2019,1361986,85117,4710,41.4,1040.0
Tamil Nadu,Erode,2020,1373279,201761,5985,47.2,909.0
Tamil Nadu,Erode,2021,1385249,259359,12364,45.2,904.0
Tamil Nadu,Erode,2022,1412226,183522,4042,44.5,1029.0
Tamil Nadu,Erode,2023,1416173,169676,9300,46.5,1015.0
Tamil Nadu,Erode,2024,1433326,186412,10748,48.8,957.0
Tamil Nadu,Kancheepuram,2018,1041030,218111,9631,43.5,933.0
Tamil Nadu,Kancheepuram,2019,1080003,164517,7235,44.5,966.0
Tamil Nadu,Kancheepuram,2020,1118133,222815,9796,38.6,1030.0
Tamil Nadu,Kancheepuram,2021,1123406,167023,6712,44.3,918.0
Tamil Nadu,Kancheepuram,2022,1152676,205547,5619,41.0,932.0
Tamil Nadu,Kancheepuram,2023,1171900,254302,11324,43.3,978.0
Tamil Nadu,Kancheepuram,2024,1160490,109882,4288,27.1,904.0
Tamil Nadu,Kanniyakumari,2018,1219576,106202,4481,42.0,989.0
Tamil Nadu,Kanniyakumari,2019,1230449,266948,7439,47.6,923.0
Tamil Nadu,Kanniyakumari,2020,1251012,255351,10850,26.6,922.0
Tamil Nadu,Kanniyakumari,2021,1264245,154312,8862,31.5,925.0
Tamil Nadu,Kanniyakumari,2022,1270543,218856,5800,49.2,967.0
Tamil Nadu,Kanniyakumari,2023,1285645,151428,7039,35.8,925.0
Tamil Nadu,Kanniyakumari,2024,1335312,219532,6815,25.6,911.0
Tamil Nadu,Karur,2018,1351439,134813,7075,44.1,1039.0
Tamil Nadu,Karur,2019,1383473,79973,2343,45.6,990.0
Tamil Nadu,Karur,2020,1426802,348313,11074,22.9,924.0
Tamil Nadu,Karur,2021,1449507,225882,9906,49.2,998.0
Tamil Nadu,Karur,2022,1457416,126832,4819,31.6,959.0
Tamil Nadu,Karur,2023,1506201,255601,8819,43.3,928.0
Tamil Nadu,Karur,2024,1499131,194400,6573,47.7,1038.0
Tamil Nadu,Madurai,2018,1074952,67104,1940,48.2,998.0
Tamil Nadu,Madurai,2019,1116826,108211,4541,33.3,943.0
Tamil Nadu,Madurai,2020,1126158,182916,10807,42.8,931.0
Tamil Nadu,Madurai,2021,1122525,214172,11488,39.0,985.0
Tamil Nadu,Madurai,2022,1156161,279719,11815,48.8,975.0
Tamil Nadu,Madurai,2023,1185025,162771,9349,28.9,928.0
Tamil Nadu,Madurai,2024,1201644,173270,5298,40.2,1003.0
Tamil Nadu,Nagapattinam,2018,1324681,317963,17218,30.2,1045.0
Tamil Nadu,Nagapattinam,2019,1369243,308902,14274,41.0,918.0
Tamil Nadu,Nagapattinam,2020,1371836,198579,3354,40.5,917.0
Tamil Nadu,Nagapattinam,2021,1361229,257539,11147,38.4,934.0
Tamil Nadu,Nagapattinam,2022,1415005,172338,3769,41.7,956.0
Tamil Nadu,Nagapattinam,2023,1401042,164715,5048,21.8,961.0
Tamil Nadu,Nagapattinam,2024,1413102,301254,3860,44.4,947.0
Tamil Nadu,Namakkal,2018,1039817,154418,5501,47.0,925.0
Tamil Nadu,Namakkal,2019,1059228,185851,4086,48.6,999.0
Tamil Nadu,Namakkal,2020,1093499,124361,3396,18.4,938.0
Tamil Nadu,Namakkal,2021,1083161,183948,2889,39.2,902.0
Tamil Nadu,Namakkal,2022,1114145,221444,10524,20.9,957.0
Tamil Nadu,Namakkal,2023,1123222,246766,5497,24.0,903.0
Tamil Nadu,Namakkal,2024,1151540,259336,3311,18.1,931.0
Tamil Nadu,Nilgiris,2018,1317457,83010,916,37.0,955.0
Tamil Nadu,Nilgiris,2019,1336407,329187,8113,22.7,927.0
Tamil Nadu,Nilgiris,2020,1368866,263268,4223,46.6,980.0
Tamil Nadu,Nilgiris,2021,1415988,152492,7889,30.2,994.0
Tamil Nadu,Nilgiris,2022,1425815,115652,3064,48.9,1021.0
Tamil Nadu,Nilgiris,2023,1477317,260701,15502,33.6,957.0
Tamil Nadu,Nilgiris,2024,1491458,278147,14035,49.1,973.0
Tamil Nadu,Perambalur,2018,1284326,65104,1711,31.7,1042.0
Tamil Nadu,Perambalur,2019,1324815,173972,8789,31.9,1039.0
Tamil Nadu,Perambalur,2020,1324823,290691,11444,45.3,1020.0
Tamil Nadu,Perambalur,2021,1336808,184221,8967,41.4,1005.0
Tamil Nadu,Perambalur,2022,1348841,216089,5755,27.6,1011.0
Tamil Nadu,Perambalur,2023,1380366,77655,1755,45.0,956.0
Tamil Nadu,Perambalur,2024,1375320,145620,4659,20.9,992.0
Tamil Nadu,Pudukkottai,2018,1369368,214208,9782,43.8,1030.0
Tamil Nadu,Pudukkottai,2019,1371007,260987,7563,25.9,910.0
Tamil Nadu,Pudukkottai,2020,1367504,230890,4985,36.5,921.0
Tamil Nadu,Pudukkottai,2021,1392302,178144,8907,30.1,951.0
Tamil Nadu,Pudukkottai,2022,1431804,194420,5453,18.7,1035.0
Tamil Nadu,Pudukkottai,2023,1439759,110877,4445,38.0,960.0
Tamil Nadu,Pudukkottai,2024,1482116,323643,17244,40.3,911.0
Tamil Nadu,Ramanathapuram,2018,1274635,285224,12405,37.9,1022.0
Tamil Nadu,Ramanathapuram,2019,1293161,148508,7382,49.4,1040.0
Tamil Nadu,Ramanathapuram,2020,1302532,164818,8209,41.1,937.0
Tamil Nadu,Ramanathapuram,2021,1315273,89323,5138,23.1,1036.0
Tamil Nadu,Ramanathapuram,2022,1305138,159880,5926,29.8,1006.0
Tamil Nadu,Ramanathapuram,2023,1298973,271227,13874,42.5,1007.0
Tamil Nadu,Ramanathapuram,2024,1291699,238357,6393,42.0,982.0
Tamil Nadu,Salem,2018,1281638,273490,8478,45.5,917.0
Tamil Nadu,Salem,2019,1287771,88878,3526,39.3,1028.0
Tamil Nadu,Salem,2020,1309084,320676,11556,25.1,1043.0
Tamil Nadu,Salem,2021,1309330,189255,6246,38.4,1000.0
Tamil Nadu,Salem,2022,1317397,224951,8625,41.7,1007.0
Tamil Nadu,Salem,2023,1363850,303065,17043,48.7,1043.0
Tamil Nadu,Salem,2024,1364817,309311,13479,47.2,996.0
Tamil Nadu,Sivaganga,2018,1294113,112085,1654,18.6,974.0
Tamil Nadu,Sivaganga,2019,1336933,88551,4417,20.9,1013.0
Tamil Nadu,Sivaganga,2020,1381841,244443,7272,25.8,1032.0
Tamil Nadu,Sivaganga,2021,1393355,267409,11424,42.7,920.0
Tamil Nadu,Sivaganga,2022,1414021,221391,13255,35.8,994.0
Tamil Nadu,Sivaganga,2023,1404782,172183,6663,36.1,957.0
Tamil Nadu,Sivaganga,2024,1451907,193099,9087,34.1,921.0
Tamil Nadu,Thanjavur,2018,1207894,92953,4185,44.8,958.0
Tamil Nadu,Thanjavur,2019,1210107,77780,4340,42.9,947.0
Tamil Nadu,Thanjavur,2020,1256936,292567,8513,35.4,944.0
Tamil Nadu,Thanjavur,2021,1297692,260262,10976,36.7,947.0
Tamil Nadu,Thanjavur,2022,1336288,116034,3151,19.4,969.0
Tamil Nadu,Thanjavur,2023,1388376,344813,6012,41.7,981.0
Tamil Nadu,Thanjavur,2024,1437385,324000,11566,36.0,951.0
Tamil Nadu,Theni,2018,1179021,190334,3227,22.8,991.0
Tamil Nadu,Theni,2019,1221367,67809,3088,39.3,1007.0
Tamil Nadu,Theni,2020,1247295,84981,4961,32.3,923.0
Tamil Nadu,Theni,2021,1251115,210964,12642,46.9,1046.0
Tamil Nadu,Theni,2022,1269478,234502,5692,19.4,979.0
Tamil Nadu,Theni,2023,1257371,266249,7331,45.6,910.0
Tamil Nadu,Theni,2024,1262837,85493,4848,38.0,975.0
Tamil Nadu,Thiruvallur,2018,1034997,114676,5977,43.4,1047.0
Tamil Nadu,Thiruvallur,2019,1043141,118808,6008,18.2,1044.0
Tamil Nadu,Thiruvallur,2020,1075614,177208,2261,39.1,1034.0
Tamil Nadu,Thiruvallur,2021,1070428,107117,3976,44.5,1001.0
Tamil Nadu,Thiruvallur,2022,1079813,142514,3736,28.4,966.0
Tamil Nadu,Thiruvallur,2023,1101602,196443,2185,35.6,915.0
Tamil Nadu,Thiruvallur,2024,1109115,224603,8022,43.6,921.0
Tamil Nadu,Thiruvarur,2018,1190846,163750,1805,28.2,997.0
Tamil Nadu,Thiruvarur,2019,1199602,106535,4334,19.5,979.0
Tamil Nadu,Thiruvarur,2020,1231887,291597,14174,24.8,932.0
Tamil Nadu,Thiruvarur,2021,1246094,288659,8448,38.0,921.0
Tamil Nadu,Thiruvarur,2022,1259261,295109,6453,23.4,977.0
Tamil Nadu,Thiruvarur,2023,1246720,216371,5892,19.1,938.0
Tamil Nadu,Thiruvarur,2024,1291340,147373,6724,31.0,909.0
Tamil Nadu,Thoothukudi,2018,1362621,239402,8158,34.3,1042.0
Tamil Nadu,Thoothukudi,2019,1390579,245170,4246,35.5,938.0
Tamil Nadu,Thoothukudi,2020,1431432,256403,12538,23.9,965.0
Tamil Nadu,Thoothukudi,2021,1442299,212818,2270,26.8,924.0
Tamil Nadu,Thoothukudi,2022,1456380,234004,11946,34.2,970.0
Tamil Nadu,Thoothukudi,2023,1483822,312089,12870,29.5,947.0
Tamil Nadu,Thoothukudi,2024,1533795,152372,6931,37.4,905.0
Tamil Nadu,Tiruchchirappalli,2018,1289067,91704,5455,23.4,939.0
Tamil Nadu,Tiruchchirappalli,2019,1324520,205666,5984,28.7,1001.0
Tamil Nadu,Tiruchchirappalli,2020,1320910,114118,3956,23.6,911.0
Tamil Nadu,Tiruchchirappalli,2021,1369853,156733,3304,28.9,982.0
Tamil Nadu,Tiruchchirappalli,2022,1392026,179867,1999,19.9,1047.0
Tamil Nadu,Tiruchchirappalli,2023,1399565,152526,4007,40.1,912.0
Tamil Nadu,Tiruchchirappalli,2024,1413260,225879,10339,20.6,982.0
Tamil Nadu,Tirunelveli Kattabo,2018,1030844,141141,5300,37.2,927.0
Tamil Nadu,Tirunelveli Kattabo,2019,1071674,220809,6642,39.2,1018.0
Tamil Nadu,Tirunelveli Kattabo,2020,1090323,191282,11220,30.1,903.0
Tamil Nadu,Tirunelveli Kattabo,2021,1127482,87066,3479,46.4,975.0
Tamil Nadu,Tirunelveli Kattabo,2022,1135112,255057,14674,22.3,927.0
Tamil Nadu,Tirunelveli Kattabo,2023,1155836,128952,6358,42.3,975.0
Tamil Nadu,Tirunelveli Kattabo,2024,1146685,154609,5687,30.9,955.0
Tamil Nadu,Tiruvannamalai,2018,1150178,136451,6096,36.4,981.0
Tamil Nadu,Tiruvannamalai,2019,1190561,282047,3595,48.7,940.0
Tamil Nadu,Tiruvannamalai,2020,1236440,207264,9313,39.0,925.0
Tamil Nadu,Tiruvannamalai,2021,1232772,258383,14076,45.6,955.0
Tamil Nadu,Tiruvannamalai,2022,1225085,240170,4341,34.0,926.0
Tamil Nadu,Tiruvannamalai,2023,1252876,106541,1676,20.8,1047.0
Tamil Nadu,Tiruvannamalai,2024,1280481,262656,6253,24.2,952.0
Tamil Nadu,Vellore,2018,1327204,118269,5370,47.9,1007.0
Tamil Nadu,Vellore,2019,1353546,296371,16134,18.7,910.0
Tamil Nadu,Vellore,2020,1381557,113478,3742,38.9,1006.0
Tamil Nadu,Vellore,2021,1420561,324057,14767,45.3,927.0
Tamil Nadu,Vellore,2022,1454978,228374,12876,45.3,969.0
Tamil Nadu,Vellore,2023,1455189,346461,18215,19.3,1020.0
Tamil Nadu,Vellore,2024,1496446,351643,18539,30.6,1007.0
Tamil Nadu,Villupuram,2018,1024253,153696,2135,19.4,911.0
Tamil Nadu,Villupuram,2019,1049619,219240,10274,47.6,951.0
Tamil Nadu,Villupuram,2020,1067207,201948,6971,39.5,1034.0
Tamil Nadu,Villupuram,2021,1079854,55381,3104,26.2,997.0
Tamil Nadu,Villupuram,2022,1108596,96048,3668,30.2,949.0
Tamil Nadu,Villupuram,2023,1110831,80449,1257,44.0,995.0
Tamil Nadu,Villupuram,2024,1117021,212763,9423,20.5,961.0
Tamil Nadu,Virudhunagar,2018,1261658,193928,9436,18.4,943.0
Tamil Nadu,Virudhunagar,2019,1264741,209921,4161,40.9,1025.0
Tamil Nadu,Virudhunagar,2020,1285075,214646,3184,23.6,1014.0
Tamil Nadu,Virudhunagar,2021,1282791,64979,3404,43.2,937.0
Tamil Nadu,Virudhunagar,2022,1294342,96524,1245,37.9,1013.0
Tamil Nadu,Virudhunagar,2023,1294534,306421,11285,25.7,976.0
Tamil Nadu,Virudhunagar,2024,1293549,290216,11066,19.1,1034.0
Telangana,Hyderabad,2018,6146962,1046810,49869,44.5,968.0
Telangana,Hyderabad,2019,6312816,1510608,50130,47.5,1046.0
Telangana,Hyderabad,2020,6384871,560259,27078,22.7,901.0
Telangana,Hyderabad,2021,6487017,1608822,81036,23.9,953.0
Telangana,Hyderabad,2022,6656326,844678,31521,42.3,947.0
Telangana,Hyderabad,2023,6677144,1641690,45910,41.5,1041.0
Telangana,Hyderabad,2024,6938810,753515,10851,31.9,1017.0
Telangana,Warangal,2018,6297219,1278033,22988,37.7,1026.0
Telangana,Warangal,2019,6439425,1443683,68735,25.9,975.0
Telangana,Warangal,2020,6442551,1418185,19570,23.9,1018.0
Telangana,Warangal,2021,6682078,1265356,45347,29.3,934.0
Telangana,Warangal,2022,6811039,371743,7832,41.5,960.0
Telangana,Warangal,2023,6862358,706561,20795,40.7,1013.0
Telangana,Warangal,2024,6985962,927032,27125,36.0,1045.0
Telangana,Nizamabad,2018,7245969,1522123,35963,39.6,957.0
Telangana,Nizamabad,2019,7483355,1026829,15889,49.5,996.0
Telangana,Nizamabad,2020,7421667,1142898,17272,25.9,1037.0
Telangana,Nizamabad,2021,7515067,1048050,47491,34.9,946.0
Telangana,Nizamabad,2022,7656279,1547214,80657,22.5,916.0
Telangana,Nizamabad,2023,7841570,1687520,68476,23.4,917.0
Telangana,Nizamabad,2024,7838800,963511,26624,48.8,920.0
Tripura,West Tripura,2018,9817263,542157,7956,38.0,981.0
Tripura,West Tripura,2019,10105908,792079,31483,43.6,979.0
Tripura,West Tripura,2020,10266737,646632,19700,30.4,916.0
Tripura,West Tripura,2021,10440374,1357923,28245,35.6,974.0
Tripura,West Tripura,2022,10604040,917044,51094,46.7,983.0
Tripura,West Tripura,2023,10960250,1032220,15476,26.2,981.0
Tripura,West Tripura,2024,10864091,555615,20512,32.7,1009.0
Tripura,Dhalai,2018,11288367,1811797,77193,49.2,926.0
Tripura,Dhalai,2019,11597937,2350703,84165,27.1,992.0
Tripura,Dhalai,2020,12010500,1344708,63941,33.5,983.0
Tripura,Dhalai,2021,12031877,652486,16695,44.9,929.0
Tripura,Dhalai,2022,12273323,2569231,29576,31.4,915.0
Tripura,Dhalai,2023,12435682,2289554,137082,22.4,1000.0
Tripura,Dhalai,2024,12444415,3062633,84102,24.7,1015.0
Uttar Pradesh,Lucknow,2018,7271292,1570208,67972,27.7,903.0
Uttar Pradesh,Lucknow,2019,7518698,527996,8187,32.4,1029.0
Uttar Pradesh,Lucknow,2020,7678702,1566983,79705,41.3,974.0
Uttar Pradesh,Lucknow,2021,7797615,1873453,28356,25.3,1011.0
Uttar Pradesh,Lucknow,2022,8038101,1853518,89785,49.3,915.0
Uttar Pradesh,Lucknow,2023,8050849,1198460,68094,20.0,983.0
Uttar Pradesh,Lucknow,2024,8256985,1289316,70473,31.9,988.0
Uttar Pradesh,Kanpur,2018,6747488,778927,13374,49.9,1041.0
Uttar Pradesh,Kanpur,2019,6952737,1286804,36651,28.2,956.0
Uttar Pradesh,Kanpur,2020,7118457,1651444,72795,49.7,953.0
Uttar Pradesh,Kanpur,2021,7075806,891053,50718,39.8,947.0
Uttar Pradesh,Kanpur,2022,7325730,1672491,28782,30.4,993.0
Uttar Pradesh,Kanpur,2023,7299711,1526224,60514,30.1,996.0
Uttar Pradesh,Kanpur,2024,7265719,1652531,96620,36.7,1035.0
Uttar Pradesh,Varanasi,2018,7784501,1418908,42624,26.2,936.0
Uttar Pradesh,Varanasi,2019,7743376,1398935,63843,20.4,998.0
Uttar Pradesh,Varanasi,2020,7984182,942228,52786,29.8,963.0
Uttar Pradesh,Varanasi,2021,7947816,562110,12075,29.4,930.0
Uttar Pradesh,Varanasi,2022,7967339,946292,10398,33.6,979.0
Uttar Pradesh,Varanasi,2023,8084956,1419675,62074,20.8,971.0
Uttar Pradesh,Varanasi,2024,8125030,1975941,94673,33.2,930.0
Uttar Pradesh,Agra,2018,6023300,712174,33450,48.9,1044.0
Uttar Pradesh,Agra,2019,6139564,661005,14154,21.1,1031.0
Uttar Pradesh,Agra,2020,6263257,1438304,29546,41.9,974.0
Uttar Pradesh,Agra,2021,6246954,1069462,55864,30.3,1043.0
Uttar Pradesh,Agra,2022,6195688,1435979,55404,23.9,968.0
Uttar Pradesh,Agra,2023,6194462,1502494,53533,48.7,1048.0
Uttar Pradesh,Agra,2024,6377380,480415,18196,48.8,937.0
Uttar Pradesh,Gautam Buddha Nagar,2018,8228989,1534570,61470,25.9,952.0
Uttar Pradesh,Gautam Buddha Nagar,2019,8437164,1285480,61472,48.3,1023.0
Uttar Pradesh,Gautam Buddha Nagar,2020,8390736,2040663,43666,39.2,965.0
Uttar Pradesh,Gautam Buddha Nagar,2021,8351092,969194,33230,19.3,921.0
Uttar Pradesh,Gautam Buddha Nagar,2022,8464631,987041,19119,24.8,995.0
Uttar Pradesh,Gautam Buddha Nagar,2023,8587210,832103,12948,33.9,923.0
Uttar Pradesh,Gautam Buddha Nagar,2024,8563549,1738083,82375,45.6,1044.0
Uttaranchal,Dehra Dun,2018,3314493,621872,25074,19.0,1037.0
Uttaranchal,Dehra Dun,2019,3421243,737349,35101,47.4,938.0
Uttaranchal,Dehra Dun,2020,3479249,756582,36302,22.7,998.0
Uttaranchal,Dehra Dun,2021,3523438,580778,27092,42.6,1040.0
Uttaranchal,Dehra Dun,2022,3606677,703084,17406,31.5,907.0
Uttaranchal,Dehra Dun,2023,3609617,288744,16965,35.4,1045.0
Uttaranchal,Dehra Dun,2024,3612560,242180,12298,40.1,989.0
Uttaranchal,Haridwar,2018,3166907,435865,26072,24.4,941.0
Uttaranchal,Haridwar,2019,3253685,573080,12931,37.6,918.0
Uttaranchal,Haridwar,2020,3245164,567927,23252,31.6,971.0
Uttaranchal,Haridwar,2021,3365756,399906,15172,49.7,962.0
Uttaranchal,Haridwar,2022,3371281,183672,4913,36.2,922.0
Uttaranchal,Haridwar,2023,3427342,855463,16524,31.1,966.0
Uttaranchal,Haridwar,2024,3454252,456546,6916,49.0,975.0
Uttaranchal,Naini Tal,2018,3370554,804027,40885,35.9,912.0
Uttaranchal,Naini Tal,2019,3352198,761097,12174,28.9,1026.0
Uttaranchal,Naini Tal,2020,3399083,414776,20147,38.2,948.0
Uttaranchal,Naini Tal,2021,3505021,627532,7037,28.1,1012.0
Uttaranchal,Naini Tal,2022,3519076,478637,26851,34.5,1004.0
Uttaranchal,Naini Tal,2023,3583931,415114,10906,47.0,910.0
Uttaranchal,Naini Tal,2024,3591700,247502,11898,33.5,909.0
West Bengal,Kolkata,2018,2817630,464350,9491,27.0,924.0
West Bengal,Kolkata,2019,2881237,218408,2932,19.0,1038.0
West Bengal,Kolkata,2020,2862287,694478,13098,40.2,908.0
West Bengal,Kolkata,2021,2918259,366870,18269,49.0,998.0
West Bengal,Kolkata,2022,2900026,478039,13072,43.9,908.0
West Bengal,Kolkata,2023,2960645,167996,2496,37.6,925.0
West Bengal,Kolkata,2024,2941659,257894,3087,34.0,939.0
West Bengal,Haora,2018,2855960,603577,15067,39.4,1030.0
West Bengal,Haora,2019,2833818,471523,20318,18.8,919.0
West Bengal,Haora,2020,2840670,359383,14307,19.7,920.0
West Bengal,Haora,2021,2856825,211175,4473,35.7,980.0
West Bengal,Haora,2022,2955427,616287,34722,46.8,945.0
West Bengal,Haora,2023,3004726,476909,28458,31.2,909.0
West Bengal,Haora,2024,2975966,527922,11645,47.0,1023.0
West Bengal,Darjiling,2018,2424540,521540,25711,25.8,922.0
West Bengal,Darjiling,2019,2509629,563062,15692,24.3,936.0
West Bengal,Darjiling,2020,2590378,497958,28203,29.8,1026.0
West Bengal,Darjiling,2021,2641308,169099,3832,19.8,912.0
West Bengal,Darjiling,2022,2673486,430642,20210,19.1,1031.0
West Bengal,Darjiling,2023,2716778,162443,3447,25.2,996.0
West Bengal,Darjiling,2024,2770139,681156,36539,48.7,948.0
West Bengal,Jalpaiguri,2018,2407573,500151,17077,20.7,1001.0
West Bengal,Jalpaiguri,2019,2488766,375556,12515,21.8,1038.0
West Bengal,Jalpaiguri,2020,2585932,413727,7722,32.0,1046.0
West Bengal,Jalpaiguri,2021,2688201,638418,13128,38.9,912.0
West Bengal,Jalpaiguri,2022,2688764,255646,7604,39.3,1002.0
West Bengal,Jalpaiguri,2023,2719093,515606,16071,37.7,952.0
West Bengal,Jalpaiguri,2024,2776065,290683,10530,20.1,1019.0
Delhi,Delhi,2018,30358834,6019527,174184,49.6,1029.0
Delhi,Delhi,2019,30577677,2365496,38759,34.6,929.0
Delhi,Delhi,2020,31553880,5193014,178340,27.3,1034.0
Delhi,Delhi,2021,31786742,3532544,105426,22.7,1017.0
Delhi,Delhi,2022,32806270,2699080,64128,37.7,992.0
Delhi,Delhi,2023,33484693,4133739,129901,47.8,950.0
Delhi,Delhi,2024,33803469,4167492,169918,33.1,960.0
Jammu and Kashmir,Srinagar,2018,11170171,2641595,154565,47.1,957.0
Jammu and Kashmir,Srinagar,2019,11361528,1784318,62021,21.2,950.0
Jammu and Kashmir,Srinagar,2020,11553747,2516538,84825,49.8,946.0
Jammu and Kashmir,Srinagar,2021,11507682,1154897,25195,20.8,1048.0
Jammu and Kashmir,Srinagar,2022,11459516,1786839,18426,43.4,960.0
Jammu and Kashmir,Srinagar,2023,11684093,2773767,146253,33.5,938.0
Jammu and Kashmir,Srinagar,2024,12143889,1682401,51526,47.9,995.0
Jammu and Kashmir,Jammu,2018,11529154,1274061,37193,24.4,935.0
Jammu and Kashmir,Jammu,2019,11466431,1514713,53975,43.4,1010.0
Jammu and Kashmir,Jammu,2020,11639642,1819669,24527,34.1,912.0
Jammu and Kashmir,Jammu,2021,11677966,2122528,104980,39.7,1011.0
Jammu and Kashmir,Jammu,2022,11987620,667548,33456,40.5,936.0
Jammu and Kashmir,Jammu,2023,12130362,3005152,34419,31.3,1026.0
Jammu and Kashmir,Jammu,2024,12397469,961783,13204,24.4,984.0
Jammu and Kashmir,Anantnag (Kashmir South),2018,14138145,2024844,103813,35.8,926.0
Jammu and Kashmir,Anantnag (Kashmir South),2019,14019722,1653673,90180,18.6,910.0
Jammu and Kashmir,Anantnag (Kashmir South),2020,14209096,2625779,99625,38.9,995.0
Jammu and Kashmir,Anantnag (Kashmir South),2021,14521281,2238814,82446,41.4,1038.0
Jammu and Kashmir,Anantnag (Kashmir South),2022,14526812,2147706,45516,29.7,992.0
Jammu and Kashmir,Anantnag (Kashmir South),2023,14726484,2300545,105310,32.1,950.0
Jammu and Kashmir,Anantnag (Kashmir South),2024,15010943,1656178,63631,24.1,1000.0
Ladakh,Leh,2018,20851648,1805607,45287,38.4,1010.0
Ladakh,Leh,2019,20926739,2687659,103532,33.7,1023.0
Ladakh,Leh,2020,20974757,4012921,119505,24.9,996.0
Ladakh,Leh,2021,21797636,4674794,167438,19.1,954.0
Ladakh,Leh,2022,21717145,2690901,103966,29.2,985.0
Ladakh,Leh,2023,21579472,3999835,185378,20.0,908.0
Ladakh,Leh,2024,22261911,3866283,214019,31.1,918.0
Ladakh,Kargil,2018,21395765,2675725,148197,24.3,914.0
Ladakh,Kargil,2019,21720621,3271858,124844,29.2,998.0
Ladakh,Kargil,2020,21609289,1222691,43723,25.7,911.0
Ladakh,Kargil,2021,21917636,1187489,37500,30.8,1044.0
Ladakh,Kargil,2022,21975831,2614569,87576,35.9,916.0
Ladakh,Kargil,2023,22836240,4470775,153025,38.0,964.0
Ladakh,Kargil,2024,22978651,2397402,44380,34.0,1013.0
Puducherry,Puducherry,2018,14934587,3304292,85937,20.0,999.0
Puducherry,Puducherry,2019,15224455,3551857,63788,35.4,1040.0
Puducherry,Puducherry,2020,15388215,1620337,92998,24.3,1035.0
Puducherry,Puducherry,2021,15607969,3846409,128501,25.7,948.0
Puducherry,Puducherry,2022,15769935,854011,24279,40.6,934.0
Puducherry,Puducherry,2023,15627272,3284974,120765,37.3,961.0
Puducherry,Puducherry,2024,16065663,3158536,152724,38.5,1041.0
Puducherry,Karaikal,2018,17893633,4225113,85302,49.4,1042.0
Puducherry,Karaikal,2019,17779482,1309733,33361,26.2,980.0
Puducherry,Karaikal,2020,17797661,2949645,122109,24.1,998.0
Puducherry,Karaikal,2021,18095749,3703832,64916,24.8,985.0
Puducherry,Karaikal,2022,18337416,1868156,22127,40.9,923.0
Puducherry,Karaikal,2023,18300800,3523740,81321,37.1,1009.0
Puducherry,Karaikal,2024,18538649,2736823,86836,37.9,955.0
Chandigarh,Chandigarh,2018,34090402,3982928,124896,36.0,994.0
Chandigarh,Chandigarh,2019,34492968,5003282,129008,18.6,975.0
Chandigarh,Chandigarh,2020,34435172,6940736,85512,27.3,943.0
Chandigarh,Chandigarh,2021,35370527,3684611,94453,25.5,980.0
Chandigarh,Chandigarh,2022,35357907,2303793,131506,28.6,956.0
Chandigarh,Chandigarh,2023,35574802,7226923,319284,31.5,969.0
Chandigarh,Chandigarh,2024,35852939,2192397,59279,21.5,1014.0
Andaman and Nicobar Islands,South Andaman,2018,40812948,4951583,236276,49.6,938.0
Andaman and Nicobar Islands,South Andaman,2019,41745519,3585174,67080,30.2,978.0
Andaman and Nicobar Islands,South Andaman,2020,43325972,2924591,166683,43.6,1034.0
Andaman and Nicobar Islands,South Andaman,2021,43416192,8375447,461265,43.0,981.0
Andaman and Nicobar Islands,South Andaman,2022,43277109,9004288,499201,49.3,909.0
Andaman and Nicobar Islands,South Andaman,2023,43835936,3634940,163341,45.1,1046.0
Andaman and Nicobar Islands,South Andaman,2024,44089676,7939903,285119,20.9,995.0
Dadra and Nagar Haveli and Daman and Diu,Daman,2018,5826396,995722,52245,21.8,1038.0
Dadra and Nagar Haveli and Daman and Diu,Daman,2019,5930527,754177,22070,48.5,944.0
Dadra and Nagar Haveli and Daman and Diu,Daman,2020,5994096,774279,20662,29.8,1023.0
Dadra and Nagar Haveli and Daman and Diu,Daman,2021,5962905,633203,23694,24.0,945.0
Dadra and Nagar Haveli and Daman and Diu,Daman,2022,5912796,497412,21193,39.1,914.0
Dadra and Nagar Haveli and Daman and Diu,Daman,2023,5928935,1020332,47583,46.1,1020.0
Dadra and Nagar Haveli and Daman and Diu,Daman,2024,5986585,849758,44701,29.4,1008.0
Dadra and Nagar Haveli and Daman and Diu,Diu,2018,8751432,1136361,39221,27.4,966.0
Dadra and Nagar Haveli and Daman and Diu,Diu,2019,8792952,1346502,27671,20.2,1041.0
Dadra and Nagar Haveli and Daman and Diu,Diu,2020,8937354,1288359,68222,45.3,1020.0
Dadra and Nagar Haveli and Daman and Diu,Diu,2021,9110272,1010293,29541,33.0,963.0
Dadra and Nagar Haveli and Daman and Diu,Diu,2022,9048533,1400270,54028,25.6,1039.0
Dadra and Nagar Haveli and Daman and Diu,Diu,2023,9364549,1249262,73040,27.2,1019.0
Dadra and Nagar Haveli and Daman and Diu,Diu,2024,9426314,667284,25258,27.5,979.0
Lakshadweep,Kavaratti,2018,8517059,890804,31573,46.2,1031.0
Lakshadweep,Kavaratti,2019,8638544,1155378,25004,45.7,1016.0
Lakshadweep,Kavaratti,2020,8865347,1304173,42693,39.8,1038.0
Lakshadweep,Kavaratti,2021,9141249,751895,42247,44.7,1049.0
Lakshadweep,Kavaratti,2022,9331021,773663,42946,40.5,979.0
Lakshadweep,Kavaratti,2023,9394876,1162610,36746,28.3,1014.0
Lakshadweep,Kavaratti,2024,9460788,1287064,75806,46.2,974.0
